id,email,role
1,admin@gmail.com,admin
2,teacher1@gmail.com,teacher
3,teacher2@gmail.com,teacher
4,teacher3@gmail.com,teacher
5,teacher4@gmail.com,teacher
6,teacher5@gmail.com,teacher
7,dixon@gmail.com,student
8,shaw@gmail.com,student
9,richards@gmail.com,student
10,thompson@gmail.com,student
11,lee@gmail.com,student
12,mcbride@gmail.com,student
13,martinez@gmail.com,student
14,williams@gmail.com,student
15,harris@gmail.com,student
16,mcclain@gmail.com,student
17,anderson@gmail.com,student
18,hale@gmail.com,student
19,fischer@gmail.com,student
20,payne@gmail.com,student
21,whitney@gmail.com,student
22,guzman@gmail.com,student
23,brewer@gmail.com,student
24,reese@gmail.com,student
25,watts@gmail.com,student
26,ferrell@gmail.com,student
27,atkins@gmail.com,student
28,walters@gmail.com,student
29,herring@gmail.com,student
30,lopez@gmail.com,student
31,henry@gmail.com,student
32,scott@gmail.com,student
33,jimenez@gmail.com,student
34,cox@gmail.com,student
35,webb@gmail.com,student
36,stout@gmail.com,student
37,wise@gmail.com,student
38,cooper@gmail.com,student
39,tapia@gmail.com,student
40,davis@gmail.com,student
41,wells@gmail.com,student
42,hayden@gmail.com,student
43,huff@gmail.com,student
44,reyes@gmail.com,student
45,wilson@gmail.com,student
46,butler@gmail.com,student
47,washington@gmail.com,student
48,garcia@gmail.com,student
49,price@gmail.com,student
50,williamson@gmail.com,student
51,serrano@gmail.com,student
52,bush@gmail.com,student
53,dean@gmail.com,student
54,hudson@gmail.com,student
55,phillips@gmail.com,student
56,cole@gmail.com,student
57,clark@gmail.com,student
58,snyder@gmail.com,student
59,rodriguez@gmail.com,student
60,nash@gmail.com,student
61,mann@gmail.com,student
62,nelson@gmail.com,student
63,hall@gmail.com,student
64,hicks@gmail.com,student
65,meyer@gmail.com,student
66,sanchez@gmail.com,student
67,morton@gmail.com,student
68,allen@gmail.com,student
69,hoffman@gmail.com,student
70,downs@gmail.com,student
71,hensley@gmail.com,student
72,brown@gmail.com,student
73,boyer@gmail.com,student
74,owens@gmail.com,student
75,torres@gmail.com,student
76,thomas@gmail.com,student
77,smith@gmail.com,student
78,black@gmail.com,student
79,johnson@gmail.com,student
80,bradley@gmail.com,student
81,tyler@gmail.com,student
82,blake@gmail.com,student
83,day@gmail.com,student
84,higgins@gmail.com,student
85,welch@gmail.com,student
86,mcdaniel@gmail.com,student
87,murray@gmail.com,student
88,hubbard@gmail.com,student
89,abbott@gmail.com,student
90,harper@gmail.com,student
91,reed@gmail.com,student
92,fernandez@gmail.com,student
93,park@gmail.com,student
94,kirk@gmail.com,student
95,hill@gmail.com,student
96,martin@gmail.com,student
97,howard@gmail.com,student
98,bowen@gmail.com,student
99,pace@gmail.com,student
100,perry@gmail.com,student
101,hughes@gmail.com,student
102,ryan@gmail.com,student
103,morales@gmail.com,student
104,walsh@gmail.com,student
105,myers@gmail.com,student
106,cummings@gmail.com,student
107,carlson@gmail.com,student
108,flores@gmail.com,student
109,singleton@gmail.com,student
110,brennan@gmail.com,student
111,morse@gmail.com,student
112,nunez@gmail.com,student
113,young@gmail.com,student
114,campos@gmail.com,student
115,gray@gmail.com,student
116,jackson@gmail.com,student
117,andersen@gmail.com,student
118,adams@gmail.com,student
119,rios@gmail.com,student
120,brooks@gmail.com,student
121,liu@gmail.com,student
122,navarro@gmail.com,student
123,mathews@gmail.com,student
124,frost@gmail.com,student
125,lewis@gmail.com,student
126,briggs@gmail.com,student
127,combs@gmail.com,student
128,avila@gmail.com,student
129,diaz@gmail.com,student
130,burton@gmail.com,student
131,wallace@gmail.com,student
132,summers@gmail.com,student
133,woodward@gmail.com,student
134,velasquez@gmail.com,student
135,barber@gmail.com,student
136,taylor@gmail.com,student
137,terry@gmail.com,student
138,gutierrez@gmail.com,student
139,coleman@gmail.com,student
140,alvarez@gmail.com,student
141,moore@gmail.com,student
142,glass@gmail.com,student
143,burns@gmail.com,student
144,johns@gmail.com,student
145,jones@gmail.com,student
146,sanders@gmail.com,student
147,ferguson@gmail.com,student
148,cunningham@gmail.com,student
149,vaughn@gmail.com,student
150,figueroa@gmail.com,student
151,camacho@gmail.com,student
152,peterson@gmail.com,student
153,ruiz@gmail.com,student
154,faulkner@gmail.com,student
155,patterson@gmail.com,student
156,bishop@gmail.com,student
157,stewart@gmail.com,student
